Na,Na_err,Corr,Br,Br_err,Yng_corr,SNR,Type
1.11,0.91,0.81,2.57,0.53,0.54,17.69,old
5.4,0.78,0.77,0.98,0.26,0.36,20.74,old
5.71,0.8,0.81,0.96,0.22,0.34,20.23,old
2.54,1.45,0.93,2.94,0.87,0.11,10.92,old
7.13,1.42,0.83,1.33,0.46,6.28,11.13,old
5.11,0.71,0.85,0.79,0.18,0.28,22.79,old
4.09,0.81,0.75,1.57,0.38,0.44,19.95,old
4.91,0.72,0.85,0.86,0.19,0.29,22.54,old
2.0,0.87,0.64,3.21,1.43,0.32,18.55,old
2.19,1.12,0.51,1.26,0.59,0.25,14.27,old
2.95,0.84,0.84,1.25,0.3,0.45,19.18,old
4.21,0.92,0.64,1.16,0.33,0.41,17.49,old
4.08,0.63,0.83,0.74,0.17,0.39,25.99,old
3.69,0.82,0.73,1.01,0.21,0.93,19.68,old
3.51,0.67,0.75,1.98,0.46,16.72,24.2,old
4.93,0.66,0.84,1.48,0.56,0.22,24.82,old
3.83,0.67,0.85,0.7,0.18,59.95,24.17,old
4.14,0.63,0.88,0.83,0.17,48.36,26.02,old
5.4,1.31,0.9,0.64,0.27,0.22,12.09,old
4.81,0.62,0.87,1.62,0.39,0.31,26.37,old
4.3,0.64,0.83,0.37,0.18,0.28,25.54,old
4.15,0.68,0.86,1.86,0.54,2.47,23.98,old
4.75,0.57,0.86,2.08,0.48,0.36,28.8,old
5.82,0.75,0.93,1.43,0.5,0.21,21.72,old
5.76,0.75,0.88,1.0,0.23,0.34,21.54,old
5.35,0.76,0.9,1.1,0.25,4.57,21.47,old
4.64,0.75,0.78,-1.48,0.34,4.0,21.68,old
5.14,0.61,0.89,0.47,0.14,0.22,26.69,old
5.04,0.78,0.88,0.54,0.15,0.31,20.76,old
5.18,0.62,0.91,0.72,0.15,0.31,26.23,old
5.5,0.65,0.93,0.61,0.16,0.21,25.01,old
2.06,1.1,0.61,1.57,0.4,0.38,14.56,old
4.67,0.81,0.66,1.22,0.35,0.3,20.01,old
4.76,2.12,0.58,1.45,0.48,-2.55,7.33,old
4.17,2.27,0.76,6.09,1.72,0.75,6.83,old
2.56,1.07,0.53,1.74,0.62,0.29,14.89,old
3.0,1.45,0.81,3.42,0.86,0.47,10.88,old
0.77,0.36,0.48,0.77,0.21,0.41,46.69,old
5.0,1.46,0.83,1.68,0.88,0.44,10.82,old
-1.05,0.87,0.31,0.71,0.69,1.13,18.52,old
4.9,0.84,0.64,3.16,0.77,0.41,19.24,old
2.9,1.13,0.52,3.0,0.77,34.6,14.13,old
3.95,0.67,0.7,2.29,0.61,15.59,24.42,old
2.56,0.72,0.52,1.04,0.24,0.35,22.57,old
4.51,0.6,0.78,1.56,0.39,0.29,27.53,old
5.88,1.22,0.63,3.21,0.59,0.38,13.08,old
6.09,0.77,0.84,1.57,0.27,0.38,20.97,old
5.81,0.89,0.69,2.99,1.02,0.29,18.01,old
4.49,1.52,0.94,4.9,1.43,0.63,10.33,old
6.85,0.79,0.9,1.25,0.23,0.47,20.56,old
5.34,0.66,0.93,0.52,0.15,0.32,24.53,old
5.71,0.98,0.69,1.48,0.35,0.28,16.38,old
5.54,0.74,0.84,1.73,0.3,0.43,21.94,old
2.35,2.41,0.76,16.26,7.89,161.95,6.42,old
2.84,0.94,0.68,3.36,0.86,0.35,17.1,old
4.86,0.85,0.63,2.71,0.84,1.71,18.9,old
3.68,1.3,0.84,5.97,1.12,0.28,12.2,old
1.87,0.38,0.7,0.63,0.14,0.57,43.36,old
5.2,0.68,0.9,-0.35,0.16,0.34,24.12,old
3.98,0.58,0.77,1.31,0.45,0.32,28.16,old
3.17,1.38,0.8,1.81,0.47,0.34,11.43,old
3.18,0.58,0.71,1.07,0.29,1.24,28.37,old
3.56,4.6,0.79,32.11,16.01,160.14,3.27,old
4.54,0.58,0.83,-0.84,0.17,0.43,28.5,old
3.7,1.09,0.6,3.58,1.43,81.79,14.61,old
4.14,0.84,0.63,3.79,0.33,0.77,19.22,old
5.21,0.68,0.91,0.45,0.14,0.08,23.94,old
1.56,0.73,0.72,1.56,0.25,0.6,22.2,old
13.1,4.32,0.57,4.88,1.45,0.13,3.49,old
3.83,0.65,0.73,-0.48,0.25,0.35,25.11,old
4.16,0.67,0.81,0.61,0.18,5.62,24.51,old
4.41,0.91,0.83,3.46,0.3,0.74,17.77,old
4.01,0.92,0.77,1.18,0.44,0.42,17.43,old
4.17,1.36,0.65,3.46,0.59,0.46,11.65,old
5.02,3.2,0.76,8.31,5.56,80.93,4.77,old
3.27,0.93,0.53,4.7,0.96,0.39,17.25,old
3.43,1.31,0.87,3.84,1.19,1.71,12.13,old
2.97,1.91,0.91,10.33,3.09,0.33,8.16,old
3.87,2.6,0.47,8.29,6.2,106.06,5.92,old
5.83,1.23,0.56,1.12,0.64,0.23,12.97,old
6.73,0.83,0.86,0.48,0.49,0.3,19.41,old
2.64,0.72,0.91,2.83,0.49,0.59,22.44,old
5.34,0.79,0.73,4.08,0.83,12.89,20.59,old
1.77,0.67,0.78,1.42,0.17,0.7,24.5,old
1.12,1.51,0.65,1.35,0.53,0.05,10.46,old
4.48,0.76,0.75,2.59,0.59,0.83,21.2,old
3.49,1.32,0.76,-1.08,0.47,0.3,12.05,old
3.03,1.02,0.67,11.07,6.65,0.44,15.65,old
2.67,1.07,0.67,3.61,1.65,0.24,14.98,old
3.16,1.36,0.66,5.69,1.15,0.14,11.63,old
4.45,4.28,0.37,-2.41,1.04,0.03,3.52,old
2.99,1.76,0.5,6.72,4.14,6.65,8.89,old
5.12,0.66,0.92,0.63,0.16,0.16,24.77,old
5.57,0.71,0.93,0.83,0.2,0.26,23.04,old
6.6,1.39,0.79,1.93,0.58,0.28,11.35,old
3.8,1.07,0.51,1.55,0.62,0.34,14.92,old
2.72,0.54,0.75,0.55,0.21,0.21,30.59,old
3.92,1.29,0.56,0.62,0.32,0.2,12.26,old
5.23,0.74,0.92,0.62,0.18,0.19,21.86,old
5.96,0.92,0.9,1.24,0.23,0.09,17.53,old
0.87,0.33,0.64,0.81,0.21,0.43,51.13,old
2.14,1.75,0.63,3.31,1.43,-0.02,8.92,old
4.48,0.62,0.76,0.75,0.16,0.22,26.46,old
3.31,1.7,0.65,6.75,0.7,0.52,9.21,old
4.54,0.83,0.78,0.74,0.44,0.25,19.58,old
4.44,0.82,0.69,2.12,0.5,0.42,19.66,old
3.79,0.67,0.71,0.53,0.19,0.4,24.32,old
6.02,0.86,0.77,1.68,0.2,0.45,18.74,old
2.36,0.9,0.73,1.25,0.31,0.5,17.97,old
4.59,1.0,0.74,1.61,0.52,0.33,16.01,old
5.84,1.04,0.67,3.84,1.22,41.66,15.45,old
4.42,0.88,0.61,2.27,0.77,0.36,18.23,old
3.81,0.98,0.65,1.65,0.59,0.39,16.36,old
4.65,0.72,0.72,2.27,0.48,0.62,22.5,old
4.4,1.05,0.53,1.24,0.4,0.3,15.2,old
3.95,0.91,0.64,3.04,0.68,0.5,17.78,old
4.67,0.89,0.52,9.17,1.49,0.52,18.19,old
5.64,0.78,0.89,0.78,0.17,0.28,20.81,old
5.76,1.49,0.5,-0.48,0.14,0.3,10.56,old
5.81,0.73,0.92,0.75,0.2,12.21,22.37,old
5.14,0.92,0.72,3.74,0.67,0.56,17.46,old
5.52,0.89,0.82,0.0,0.0,93125.15,18.14,old
3.74,1.3,0.53,2.9,1.61,0.24,12.24,old
3.45,1.37,0.83,5.69,1.08,0.43,11.54,old
3.12,1.65,0.76,16200.08,2829647.25,0.9,9.52,old
4.08,1.11,0.69,4.08,1.13,0.81,14.41,old
4.0,0.73,0.8,3.15,0.7,0.47,22.4,old
4.79,0.7,0.84,3.56,0.84,0.4,23.35,old
5.28,0.72,0.88,0.63,0.19,0.38,22.59,old
3.29,1.33,0.52,-5.51,6.7,0.3,11.87,old
3.82,0.65,0.81,-0.56,0.2,0.16,25.12,old
5.63,0.87,0.81,1.07,0.27,4.6,18.62,old
4.55,0.93,0.7,1.64,0.34,0.51,17.21,old
4.82,1.01,0.79,0.89,0.26,0.2,15.85,old
5.19,0.8,0.91,12.75,10.73,4.68,20.34,old
6.82,0.8,0.9,1.38,0.39,0.3,20.21,old
6.28,1.07,0.84,6.23,1.62,0.16,14.92,old
4.78,1.81,0.7,1.76,0.26,0.35,8.62,old
6.12,0.88,0.9,0.86,0.22,0.27,18.32,old
5.46,0.83,0.89,0.97,0.22,0.24,19.4,old
4.52,0.92,0.63,1.3,0.55,0.07,17.57,old
4.24,1.02,0.84,2.46,0.91,0.4,15.71,old
3.83,0.84,0.78,2.59,0.82,0.41,19.19,old
4.42,1.59,0.75,2.15,0.82,0.88,9.89,old
2.95,1.01,0.78,2.01,0.3,0.46,15.8,old
1.51,1.28,0.75,0.79,0.47,0.22,12.35,old
4.48,0.77,0.81,0.87,0.19,1.15,21.15,old
4.5,1.77,0.54,9.46,3.11,0.79,8.85,old
3.96,0.96,0.65,-0.66,0.34,0.15,16.67,old
3.69,1.12,0.54,3.95,1.5,1.04,14.31,old
2.77,1.07,0.88,3.25,0.56,0.56,15.0,old
4.83,0.85,0.65,0.95,0.43,0.28,18.94,old
5.36,1.01,0.67,3.34,0.84,0.42,15.81,old
2.47,2.28,0.29,2.56,0.46,0.48,6.8,old
4.11,1.28,0.55,1.76,0.41,0.29,12.44,old
4.7,1.2,0.61,1.99,0.44,0.41,13.3,old
3.75,1.09,0.53,2.38,0.32,0.54,14.68,old
3.38,1.1,0.51,-0.69,0.42,0.54,14.49,old
1.47,0.46,0.53,0.73,0.28,0.57,35.62,old
2.31,1.16,0.59,-3.05,0.34,0.74,13.72,old
4.8,0.67,0.92,1.49,0.49,0.23,24.26,old
3.2,1.13,0.79,2.13,0.6,0.82,14.14,old
2.13,0.66,0.86,3.82,0.57,0.58,24.75,old
3.74,1.3,0.51,1.57,0.56,0.32,12.25,old
3.71,0.83,0.82,0.61,0.16,0.36,19.42,old
3.35,0.9,0.74,2.14,0.3,15.6,17.97,old
4.89,0.63,0.87,0.78,0.2,0.16,26.05,old
2.59,0.84,0.86,-0.37,0.15,0.29,19.19,old
5.36,0.81,0.84,-0.56,0.18,0.19,20.04,old
5.59,0.89,0.84,0.72,0.23,0.29,18.0,old
5.58,0.95,0.85,-2.04,0.59,0.24,16.92,old
1.72,0.6,0.73,0.93,0.21,0.51,27.15,old
6.46,0.87,0.87,-2.45,1.0,-0.2,18.59,old
5.17,0.82,0.91,2.87,0.61,4.9,19.73,old
5.07,0.99,0.87,0.57,0.16,0.21,16.2,old
5.91,0.78,0.91,0.92,0.2,0.14,20.76,old
7.44,1.03,0.85,1.03,0.25,0.26,15.6,old
4.27,0.78,0.72,0.96,0.24,0.36,20.89,old
4.56,0.77,0.85,0.6,0.17,30.36,21.03,old
3.47,0.9,0.75,0.67,0.22,8.47,17.91,old
4.32,0.87,0.82,1.78,0.6,0.27,18.64,old
4.32,0.91,0.73,1.41,0.62,-0.0,17.68,old
4.87,1.0,0.77,2.04,0.65,0.25,16.02,old
3.63,0.98,0.7,0.76,0.26,0.14,16.37,old
3.86,0.67,0.82,1.54,0.59,0.28,24.28,old
4.23,0.77,0.78,0.97,0.25,4.36,20.98,old
3.87,0.96,0.86,0.94,0.22,0.19,16.66,old
4.44,0.64,0.83,1.77,0.47,17.71,25.7,old
6.06,1.01,0.82,1.26,0.35,0.36,15.88,old
4.58,0.85,0.78,2.52,0.75,0.78,18.99,old
4.62,0.78,0.83,1.04,0.21,0.46,20.69,old
5.65,1.97,0.67,-2.27,0.93,0.09,7.9,old
3.74,0.9,0.81,2.22,0.75,8.94,17.87,old
4.19,1.1,0.71,14.8,7.87,0.33,14.51,old
3.83,0.88,0.82,2.66,0.72,0.17,18.33,old
5.17,0.93,0.77,-0.93,1.04,0.57,17.22,old
5.13,0.97,0.75,2.7,0.62,0.86,16.55,old
1.94,0.91,0.7,2.41,0.67,0.4,17.74,old
3.86,0.86,0.75,3.19,0.9,0.25,18.86,old
2.98,1.07,0.55,1.52,0.58,0.33,14.94,old
2.79,0.78,0.84,34.59,197.21,0.24,20.75,old
4.0,0.93,0.76,1.02,0.24,0.31,17.29,old
4.61,0.79,0.7,1.98,0.5,0.45,20.59,old
5.76,1.04,0.76,1.86,0.34,0.36,15.38,old
2.92,0.7,0.69,8.97,2.36,0.38,23.18,old
3.29,0.93,0.68,4.33,0.81,0.4,17.25,old
5.1,1.03,0.75,173.33,48844.7,0.21,15.6,old
4.92,1.03,0.81,0.9,0.26,0.43,15.61,old
4.83,0.96,0.64,-2.63,1.21,0.13,16.69,old
5.03,0.83,0.69,-0.98,0.24,6.47,19.49,old
5.49,0.85,0.79,1.41,0.24,0.9,18.95,old
1.75,1.11,0.61,1.38,0.56,0.27,14.41,old
4.88,0.87,0.75,3.02,0.71,0.35,18.52,old
2.83,0.92,0.6,-431830.41,7251879424.0,0.16,17.45,old
5.54,1.06,0.61,1.2,0.23,0.17,15.1,old
6.39,0.89,0.79,1.8,0.33,2.48,18.01,old
6.28,2.21,0.91,5.24,1.68,0.88,7.01,old
3.62,0.81,0.7,1.64,0.62,1.18,19.95,old
3.16,1.01,0.64,-0.68,0.3,921.53,15.83,old
3.19,1.12,0.62,1.5,0.7,3.72,14.24,old
2.74,0.78,0.72,3.9,0.53,0.35,20.73,old
2.65,0.92,0.63,1.47,0.39,0.5,17.57,old
4.45,1.02,0.61,2.89,0.42,0.69,15.64,old
2.97,1.21,0.72,1.71,0.86,1.86,13.13,old
3.62,1.02,0.53,2.44,0.73,0.61,15.73,old
5.57,1.07,0.76,3.92,1.65,1.96,14.98,old
2.7,0.97,0.62,6.8,1.72,0.79,16.56,old
2.47,0.93,0.53,-0.69,0.23,0.25,17.27,old
3.46,1.3,0.58,1.9,0.49,0.33,12.16,old
5.5,1.54,0.9,3.34,0.84,0.42,10.23,old
5.17,0.84,0.74,8.52,1.49,5.21,19.14,old
2.75,1.06,0.63,2.14,0.5,0.18,15.13,old
4.91,1.07,0.68,0.64,0.28,0.27,15.02,old
6.7,1.11,0.59,4.75,1.93,0.23,14.43,old
5.39,1.38,0.61,1.37,0.45,0.21,11.48,old
6.26,1.0,0.76,1.35,0.28,0.21,16.03,old
2.24,1.17,0.92,2.7,0.71,0.42,13.61,old
5.17,1.09,0.57,2.81,0.95,0.3,14.62,old
4.59,0.93,0.66,1.2,0.25,0.32,17.2,old
2.46,1.35,0.82,3.88,0.91,0.28,11.73,old
4.34,1.16,0.61,2.03,0.36,1.82,13.76,old
2.47,0.8,0.67,1.14,0.21,2.8,20.33,old
4.36,0.96,0.56,1.94,0.51,0.53,16.7,old
4.43,1.26,0.56,2.72,0.62,0.37,12.62,old
3.18,1.71,0.69,8.91,1.79,-0.29,9.16,old
6.26,0.98,0.7,2.06,0.38,0.3,16.32,old
3.13,0.84,0.65,5.9,1.14,0.46,19.23,old
3.84,0.95,0.62,0.36,0.28,5.52,16.83,old
4.89,1.25,0.55,-8.11,2.13,0.63,12.67,old
7.63,1.69,0.54,1.95,1.78,0.35,9.28,old
3.28,0.92,0.67,1.04,0.23,0.61,17.57,old
2.39,1.06,0.74,2.31,1.03,0.37,15.16,old
3.66,1.61,0.75,5.82,1.79,0.38,9.76,old
5.41,1.23,0.62,1.68,0.96,0.19,12.87,old
3.45,0.79,0.87,3.08,0.81,0.47,20.51,old
5.95,1.24,0.52,66.17,108.73,0.44,12.77,old
2.3,1.04,0.75,2.59,0.49,0.25,15.36,old
4.98,1.3,0.58,1.39,0.4,0.42,12.21,old
2.95,1.68,0.62,5.92,1.47,27.64,9.31,old
3.2,0.83,0.78,1.53,0.33,0.38,19.47,old
2.08,2.19,0.51,-3.77,0.76,0.52,7.09,old
3.71,0.78,0.64,1.55,0.29,0.53,20.65,old
3.97,0.94,0.73,1.01,0.29,0.08,17.08,old
2.96,1.23,0.52,3.02,0.9,0.4,12.9,old
6.0,1.1,0.55,3.57,1.11,0.6,14.47,old
2.47,1.01,0.59,-0.45,0.8,1.02,15.85,old
3.51,1.1,0.58,2.03,0.6,0.39,14.53,old
2.16,1.8,0.85,4.81,1.45,5.87,8.71,old
5.83,1.03,0.58,4.18,0.94,0.47,15.49,old
4.65,1.02,0.61,4.87,1.51,6.35,15.69,old
3.48,1.21,0.55,3.06,0.98,0.24,13.16,old
2.97,1.81,0.75,2.25,1.19,0.22,8.62,old
4.81,1.13,0.5,4.71,1.2,10.94,14.1,old
4.44,1.69,0.82,1.9,0.37,0.14,9.31,old
4.02,1.02,0.64,11.63,2.98,0.37,15.73,old
6.28,1.04,0.77,7.85,1.73,7.95,15.34,old
4.1,1.01,0.77,2.65,0.99,0.59,15.9,old
2.23,1.14,0.54,2.05,0.72,0.28,14.04,old
3.74,0.94,0.85,3.71,0.73,0.45,17.16,old
2.94,1.07,0.79,7.8,6.09,19.57,14.93,old
1.72,1.4,0.52,-5.58,0.37,0.82,11.32,old
2.6,0.9,0.62,4.71,1.0,0.37,17.8,old
3.47,1.06,0.81,2.75,1.22,13.27,15.14,old
2.03,1.2,0.68,-1.98,0.7,0.42,13.29,old
2.47,1.68,0.7,14.47,6.16,0.24,9.36,old
5.1,1.74,0.81,-2.38,0.4,0.34,9.03,old
-0.25,1.17,0.35,6.32,1.58,43.7,13.67,old
4.49,2.73,0.77,3.38,1.6,0.32,5.63,old
3.75,1.2,0.54,6.23,1.43,2.9,13.29,old
2.96,1.04,0.68,3.32,0.89,10.51,15.4,old
2.57,1.73,0.56,-1.56,0.56,0.16,9.05,old
3.38,1.03,0.79,3.17,0.71,20.82,15.48,old
2.58,1.86,0.69,1.84,0.66,0.4,8.42,old
4.61,1.26,0.65,1.2,0.41,0.45,12.64,old
3.44,1.09,0.86,2.67,0.82,0.42,14.65,old
1.63,1.06,0.63,-0.48,0.6,0.27,15.04,old
3.66,1.11,0.79,1.77,0.46,0.29,14.39,old
3.26,1.07,0.53,3.61,0.52,0.68,15.01,old
2.86,1.15,0.66,229.27,729.97,0.38,13.87,old
0.22,0.51,0.14,6.2,0.55,69.18,32.66,young
0.21,0.53,0.31,3.32,0.34,1795982.38,31.27,young
-0.12,0.54,172.37,2.44,0.23,0.17,30.46,young
0.09,1.21,0.27,5.22,1.67,0.23,13.16,young
-0.03,0.83,0.64,2.85,0.5,0.32,19.49,young
0.16,0.41,0.51,3.43,0.29,0.57,40.7,young
-0.03,0.54,0.94,3.43,0.27,0.51,30.67,young
-0.41,0.55,0.09,3.93,0.33,0.56,30.14,young
0.13,0.83,0.65,2.31,0.57,14.34,19.51,young
0.65,0.75,0.81,29.01,60.01,0.16,21.61,young
0.33,0.58,0.51,393407840.0,336094494720.0,0.12,28.03,young
1.13,0.5,0.69,2.2,0.45,0.06,33.02,young
1.52,1.25,0.58,7.62,1.13,2.74,12.74,young
-0.55,0.9,0.31,3.8,0.56,0.67,17.93,young
-0.33,2.26,0.39,9.08,2.02,5.24,6.87,young
-0.63,0.79,0.68,2.36,0.31,0.1,20.49,young
0.98,13.84,0.55,0.0,0.0,1495726.0,1.04,young
0.12,1.01,0.46,3.49,0.48,5.54,15.9,young
-0.96,0.61,0.62,3.62,0.4,40.06,26.84,young
0.36,0.64,0.27,4.75,0.38,23.81,25.56,young
2.17,1.28,1.37,13.92,2.06,-0.15,12.42,young
-2.56,1.84,0.18,6.38,1.32,0.14,8.49,young
-2.31,1.06,0.48,10.97,1.29,16.39,15.09,young
0.06,0.96,62.62,4.75,0.76,17.39,16.78,young
-0.34,,0.68,4.77,0.51,12.65,-0.11,young
0.67,0.64,0.46,2.4,0.37,0.61,25.55,young
41.94,125.39,210.32,15.39,4.87,131.7,0.1,young
0.76,0.46,0.64,3.02,0.57,0.59,36.05,young
1.08,0.59,0.53,6.07,0.69,0.67,27.64,young
-0.44,2.09,0.33,5.6,1.21,0.45,7.43,young
-2.34,1.91,0.29,5.28,0.71,0.73,8.15,young
0.96,,65.4,3.54,0.74,0.5,-0.07,young
-0.07,0.77,0.24,3.15,0.51,0.67,21.0,young
0.19,0.48,-0.88,4.91,0.4,0.66,34.75,young
1.16,0.76,0.55,5.06,0.48,0.84,21.42,young
0.81,0.7,-0.1,5.95,0.48,0.83,23.16,young
0.46,0.4,1.08,4.07,0.26,0.65,42.0,young
0.91,0.41,1.01,2.65,0.24,0.57,40.21,young
0.22,0.45,0.86,4.36,0.29,0.67,36.97,young
0.18,0.44,0.58,5.08,0.38,0.59,37.65,young
0.41,0.29,83.81,2.09,0.19,16.26,59.1,young
0.02,0.38,0.67,2.98,0.29,0.4,43.59,young
-0.26,0.34,0.29,3.98,0.4,0.15,49.92,young
-0.51,0.28,15.19,1.86,0.19,0.52,61.28,young
0.69,0.3,4.38,0.79,0.15,0.54,56.11,young
-0.25,0.24,0.31,1.33,0.14,0.8,70.29,young
0.08,0.37,0.23,2.06,0.28,0.73,45.59,young
1.21,0.4,0.64,1.15,0.19,0.68,41.54,young
-0.36,1.0,0.24,4.07,0.53,0.68,16.08,young
-0.4,0.8,0.47,2.36,0.52,0.51,20.32,young
0.33,0.78,15.13,2.93,0.52,0.57,20.86,young
0.5,0.52,0.32,-0.34,0.15,8.81,31.38,young
0.02,2.55,24.81,15.96,4.33,0.38,6.04,young
0.72,0.57,0.92,3.89,0.52,0.63,28.7,young
-0.44,0.55,0.53,4.42,0.42,0.78,29.96,young
0.01,0.49,0.44,4.41,0.53,0.71,33.53,young
-0.0,0.5,31.41,2.81,0.3,0.76,33.03,young
0.36,0.49,0.26,5.4,0.42,0.68,33.53,young
-0.42,1.49,0.41,5.16,1.28,0.34,10.57,young
0.51,0.43,159.09,2.62,0.28,0.72,39.0,young
1.15,0.7,0.68,3.07,0.34,0.74,23.15,young
0.92,0.45,0.52,1.15,0.24,0.36,37.03,young
0.57,0.64,0.77,7.33,0.46,0.53,25.62,young
0.27,0.95,0.56,1.72,0.41,0.45,16.98,young
-0.86,0.58,0.41,1.32,0.28,0.55,28.27,young
1.06,0.62,8.98,32.98,31.42,-0.16,26.44,young
-0.11,0.55,0.85,2.01,1.07,0.98,29.64,young
-0.16,0.34,0.42,2.62,0.23,0.54,49.66,young
0.15,0.43,0.87,0.74,0.18,9.25,39.07,young
-0.19,0.27,0.38,2.15,0.18,0.55,63.66,young
0.37,0.29,0.5,2.17,0.2,0.85,59.26,young
0.83,0.59,0.44,0.43,0.21,0.57,27.66,young
0.75,0.41,0.45,0.9,0.17,0.42,40.17,young
2.12,1.16,0.29,-0.55,0.36,0.4,13.69,young
0.17,0.33,0.52,3.0,0.23,0.74,50.92,young
-0.23,1.22,0.47,3.11,0.19,0.91,13.03,young
-0.42,0.4,62.94,0.28,0.1,0.42,42.08,young
0.06,0.31,145.66,1.84,0.24,0.73,55.21,young
-0.2,0.34,0.35,1.04,0.24,0.49,49.7,young
-0.25,0.32,0.33,-0.31,0.1,0.05,52.38,young
0.42,0.73,0.45,0.54,0.26,8.08,22.19,young
-0.02,0.41,0.26,0.73,0.14,0.51,40.29,young
-0.12,1.94,0.42,1.68,0.33,0.37,8.03,young
-1.53,1.98,27.21,3.47,0.37,62.09,7.88,young
0.16,0.66,0.46,5.58,1.06,129.98,24.69,young
0.28,0.3,0.41,1.6,0.28,0.36,55.91,young
1.7,0.68,0.7,2.73,0.43,0.73,23.83,young
1.39,6.75,0.48,1.71,0.25,0.69,2.19,young
0.44,0.64,171.34,2.04,0.47,0.57,25.44,young
0.23,0.49,740.74,1.18,0.27,0.48,33.37,young
0.42,0.56,0.54,1.29,0.24,0.57,29.32,young
0.18,0.33,0.41,2.74,0.69,0.41,51.37,young
1.46,2.6,98.38,30.48,5.36,0.95,5.94,young
-0.14,1.13,0.61,5.66,0.5,0.78,14.07,young
1.69,1.62,0.56,7.09,0.64,0.74,9.68,young
0.14,0.4,0.61,2.77,0.52,8.82,41.44,young
1.49,0.69,0.65,4.54,0.5,0.65,23.61,young
1.8,0.67,0.57,-0.63,0.31,0.15,24.38,young
0.26,0.95,185.01,2.93,0.66,0.58,16.98,young
-0.84,1.04,22.5,4.54,0.55,0.73,15.35,young
0.06,0.6,0.59,1.47,0.3,0.61,27.43,young
-0.52,0.77,0.46,4.78,0.77,0.59,20.94,young
0.06,0.9,0.75,1.23,0.21,0.66,17.84,young
-0.07,0.44,0.48,2.54,0.31,0.73,37.36,young
-0.65,0.58,0.64,0.39,0.17,31.25,28.16,young
0.48,0.55,0.78,6.96,1.09,0.64,29.83,young
-0.06,0.62,0.55,3.9,0.25,0.58,26.59,young
0.26,1.3,0.28,6.19,0.82,0.72,12.25,young
1.06,0.81,0.72,-1.06,0.27,0.18,19.93,young
4.58,2.37,0.54,37.42,3.4,41.38,6.52,young
0.28,0.61,1.14,4.02,0.71,7.0,26.73,young
-0.01,0.41,0.26,5.75,0.83,0.41,41.03,young
0.32,0.4,6.84,5.52,0.77,8.09,41.24,young
-0.23,2.85,0.2,-0.84,0.42,0.04,5.38,young
0.7,0.73,0.53,3.68,0.49,0.64,22.15,young
0.16,0.59,0.44,1.26,0.25,0.48,27.61,young
1.78,0.68,0.74,1.01,0.22,0.49,23.98,young
-0.14,2.11,33.54,7.66,1.57,0.42,7.38,young
-0.14,1.14,30.93,3.47,0.59,0.64,13.94,young
0.74,1.04,0.18,3.26,0.87,0.42,15.39,young
